{
  "std": [
    79.93038940429688,
    90.75531005859375,
    23.177173614501953,
    34.71823501586914,
    1125.53173828125,
    56.77839660644531
  ],
  "weights": [
    0.012510886415839195,
    0.011018638499081135,
    0.04314589872956276,
    0.028803307563066483,
    0.0008884689304977655,
    0.017612332478165627
  ],
  "used_weights": [
    0.012510886415839195,
    0.011018638499081135,
    0.04314589872956276,
    0.028803307563066483,
    0.0008884689304977655,
    0.017612332478165627
  ],
  "loss_weighting": "std",
  "targets": [
    "PM2.5",
    "PM10",
    "SO2",
    "NO2",
    "CO",
    "O3"
  ]
}