{
  "model": "gwnet",
  "split": "test",
  "overall": {
    "MAE": 249.60159301757812,
    "RMSE": 788.9874267578125,
    "sMAPE": 39.47579574584961
  },
  "per_horizon": {
    "1": {
      "MAE": 246.33523559570312,
      "RMSE": 783.9103393554688,
      "sMAPE": 39.009613037109375
    },
    "2": {
      "MAE": 246.4251708984375,
      "RMSE": 783.6451416015625,
      "sMAPE": 38.93024826049805
    },
    "3": {
      "MAE": 246.82276916503906,
      "RMSE": 784.6951293945312,
      "sMAPE": 38.914302825927734
    },
    "4": {
      "MAE": 247.1520233154297,
      "RMSE": 785.4619750976562,
      "sMAPE": 38.89774703979492
    },
    "5": {
      "MAE": 247.3529052734375,
      "RMSE": 785.4110717773438,
      "sMAPE": 38.97365188598633
    },
    "6": {
      "MAE": 247.53244018554688,
      "RMSE": 785.0402221679688,
      "sMAPE": 38.9854621887207
    },
    "7": {
      "MAE": 247.95216369628906,
      "RMSE": 786.0738525390625,
      "sMAPE": 39.135501861572266
    },
    "8": {
      "MAE": 248.21487426757812,
      "RMSE": 786.4122314453125,
      "sMAPE": 39.17955017089844
    },
    "9": {
      "MAE": 248.55491638183594,
      "RMSE": 787.1895751953125,
      "sMAPE": 39.29681396484375
    },
    "10": {
      "MAE": 248.7344970703125,
      "RMSE": 787.0502319335938,
      "sMAPE": 39.287811279296875
    },
    "11": {
      "MAE": 249.13156127929688,
      "RMSE": 787.939208984375,
      "sMAPE": 39.35627365112305
    },
    "12": {
      "MAE": 249.4422149658203,
      "RMSE": 788.4882202148438,
      "sMAPE": 39.44583511352539
    },
    "13": {
      "MAE": 249.76165771484375,
      "RMSE": 789.3353881835938,
      "sMAPE": 39.41025924682617
    },
    "14": {
      "MAE": 250.08505249023438,
      "RMSE": 790.0162353515625,
      "sMAPE": 39.277137756347656
    },
    "15": {
      "MAE": 250.41644287109375,
      "RMSE": 791.0037841796875,
      "sMAPE": 39.32826614379883
    },
    "16": {
      "MAE": 250.70993041992188,
      "RMSE": 790.6280517578125,
      "sMAPE": 39.62024688720703
    },
    "17": {
      "MAE": 250.92730712890625,
      "RMSE": 790.9136962890625,
      "sMAPE": 39.694149017333984
    },
    "18": {
      "MAE": 251.45167541503906,
      "RMSE": 792.6110229492188,
      "sMAPE": 39.98875045776367
    },
    "19": {
      "MAE": 251.61317443847656,
      "RMSE": 792.118408203125,
      "sMAPE": 40.02525329589844
    },
    "20": {
      "MAE": 251.91993713378906,
      "RMSE": 792.9152221679688,
      "sMAPE": 40.05626678466797
    },
    "21": {
      "MAE": 252.12252807617188,
      "RMSE": 793.40576171875,
      "sMAPE": 39.98728942871094
    },
    "22": {
      "MAE": 252.4877166748047,
      "RMSE": 794.3032836914062,
      "sMAPE": 40.139015197753906
    },
    "23": {
      "MAE": 252.6296844482422,
      "RMSE": 793.8396606445312,
      "sMAPE": 40.305484771728516
    },
    "24": {
      "MAE": 252.66539001464844,
      "RMSE": 793.1199951171875,
      "sMAPE": 40.17570877075195
    }
  },
  "per_pollutant": {
    "PM2.5": {
      "MAE": 78.70537567138672,
      "RMSE": 115.94284057617188,
      "sMAPE": 46.26782989501953,
      "MAE_h1": 77.72175598144531,
      "MAE_h6": 78.09069061279297,
      "MAE_h12": 78.61124420166016,
      "MAE_h24": 79.89447021484375
    },
    "PM10": {
      "MAE": 86.98113250732422,
      "RMSE": 125.52967071533203,
      "sMAPE": 39.90776062011719,
      "MAE_h1": 85.84776306152344,
      "MAE_h6": 86.3369140625,
      "MAE_h12": 86.9980697631836,
      "MAE_h24": 88.20574951171875
    },
    "SO2": {
      "MAE": 11.079188346862793,
      "RMSE": 17.571928024291992,
      "sMAPE": 36.46471405029297,
      "MAE_h1": 11.0636568069458,
      "MAE_h6": 10.858298301696777,
      "MAE_h12": 11.186487197875977,
      "MAE_h24": 11.265179634094238
    },
    "NO2": {
      "MAE": 32.26321029663086,
      "RMSE": 40.464717864990234,
      "sMAPE": 29.66602897644043,
      "MAE_h1": 31.17246437072754,
      "MAE_h6": 31.61789321899414,
      "MAE_h12": 32.041873931884766,
      "MAE_h24": 33.2918815612793
    },
    "CO": {
      "MAE": 1277.0147705078125,
      "RMSE": 1932.545654296875,
      "sMAPE": 38.46033477783203,
      "MAE_h1": 1260.9462890625,
      "MAE_h6": 1266.9434814453125,
      "MAE_h12": 1276.4173583984375,
      "MAE_h24": 1291.4093017578125
    },
    "O3": {
      "MAE": 21.907751083374023,
      "RMSE": 28.326541900634766,
      "sMAPE": 46.07499694824219,
      "MAE_h1": 21.42842674255371,
      "MAE_h6": 21.601886749267578,
      "MAE_h12": 21.736387252807617,
      "MAE_h24": 22.404983520507812
    }
  }
}