{
  "model": "gwnet",
  "split": "test",
  "overall": {
    "MAE": 252.4432830810547,
    "RMSE": 786.373779296875,
    "sMAPE": 40.29731369018555
  },
  "per_horizon": {
    "1": {
      "MAE": 250.826904296875,
      "RMSE": 783.0438842773438,
      "sMAPE": 40.204166412353516
    },
    "2": {
      "MAE": 250.76513671875,
      "RMSE": 783.4916381835938,
      "sMAPE": 40.05303955078125
    },
    "3": {
      "MAE": 251.03736877441406,
      "RMSE": 784.067626953125,
      "sMAPE": 40.082481384277344
    },
    "4": {
      "MAE": 251.14859008789062,
      "RMSE": 784.2734985351562,
      "sMAPE": 40.08212661743164
    },
    "5": {
      "MAE": 251.54281616210938,
      "RMSE": 785.481689453125,
      "sMAPE": 40.103309631347656
    },
    "6": {
      "MAE": 251.32798767089844,
      "RMSE": 785.5401611328125,
      "sMAPE": 40.00310134887695
    },
    "7": {
      "MAE": 251.46286010742188,
      "RMSE": 785.5464477539062,
      "sMAPE": 40.11205291748047
    },
    "8": {
      "MAE": 251.80259704589844,
      "RMSE": 785.9835815429688,
      "sMAPE": 40.1902961730957
    },
    "9": {
      "MAE": 251.67266845703125,
      "RMSE": 786.1377563476562,
      "sMAPE": 40.15229034423828
    },
    "10": {
      "MAE": 252.1637725830078,
      "RMSE": 786.7420654296875,
      "sMAPE": 40.135047912597656
    },
    "11": {
      "MAE": 252.3087921142578,
      "RMSE": 787.1405639648438,
      "sMAPE": 40.17781066894531
    },
    "12": {
      "MAE": 252.1835479736328,
      "RMSE": 786.7962646484375,
      "sMAPE": 40.1231575012207
    },
    "13": {
      "MAE": 252.25784301757812,
      "RMSE": 786.998046875,
      "sMAPE": 40.15129089355469
    },
    "14": {
      "MAE": 252.44281005859375,
      "RMSE": 786.9451904296875,
      "sMAPE": 40.19561767578125
    },
    "15": {
      "MAE": 252.74142456054688,
      "RMSE": 787.5944213867188,
      "sMAPE": 40.24079132080078
    },
    "16": {
      "MAE": 252.962646484375,
      "RMSE": 787.6198120117188,
      "sMAPE": 40.43903732299805
    },
    "17": {
      "MAE": 253.1356201171875,
      "RMSE": 787.4417724609375,
      "sMAPE": 40.418617248535156
    },
    "18": {
      "MAE": 253.327880859375,
      "RMSE": 787.0266723632812,
      "sMAPE": 40.577911376953125
    },
    "19": {
      "MAE": 253.62164306640625,
      "RMSE": 787.1939697265625,
      "sMAPE": 40.704158782958984
    },
    "20": {
      "MAE": 253.8321533203125,
      "RMSE": 787.5848999023438,
      "sMAPE": 40.560665130615234
    },
    "21": {
      "MAE": 253.9003143310547,
      "RMSE": 787.389892578125,
      "sMAPE": 40.49048614501953
    },
    "22": {
      "MAE": 253.88719177246094,
      "RMSE": 787.5817260742188,
      "sMAPE": 40.6284294128418
    },
    "23": {
      "MAE": 253.97911071777344,
      "RMSE": 787.6118774414062,
      "sMAPE": 40.605133056640625
    },
    "24": {
      "MAE": 254.3080291748047,
      "RMSE": 787.7093505859375,
      "sMAPE": 40.704742431640625
    }
  },
  "per_pollutant": {
    "PM2.5": {
      "MAE": 79.81510162353516,
      "RMSE": 114.85020446777344,
      "sMAPE": 46.296875
    },
    "PM10": {
      "MAE": 88.20506286621094,
      "RMSE": 124.76400756835938,
      "sMAPE": 40.099456787109375
    },
    "SO2": {
      "MAE": 11.118407249450684,
      "RMSE": 17.27246856689453,
      "sMAPE": 35.99971008300781
    },
    "NO2": {
      "MAE": 33.89955139160156,
      "RMSE": 42.17890167236328,
      "sMAPE": 30.76304817199707
    },
    "CO": {
      "MAE": 1283.8560791015625,
      "RMSE": 1926.106689453125,
      "sMAPE": 38.64613342285156
    },
    "O3": {
      "MAE": 28.156532287597656,
      "RMSE": 32.33951950073242,
      "sMAPE": 49.96601104736328
    }
  }
}