{
  "model": "lightgbm",
  "split": "test",
  "overall": {
    "MAE": 176.83447265625,
    "RMSE": 544.6250610351562,
    "sMAPE": 29.589889526367188
  },
  "per_horizon": {
    "1": {
      "MAE": 69.94982147216797,
      "RMSE": 264.5943908691406,
      "sMAPE": 13.176315307617188
    },
    "2": {
      "MAE": 94.90410614013672,
      "RMSE": 332.2902526855469,
      "sMAPE": 17.231388092041016
    },
    "3": {
      "MAE": 114.42945861816406,
      "RMSE": 390.1504211425781,
      "sMAPE": 20.02808952331543
    },
    "4": {
      "MAE": 127.00104522705078,
      "RMSE": 418.492431640625,
      "sMAPE": 22.417951583862305
    },
    "5": {
      "MAE": 139.25619506835938,
      "RMSE": 446.9374084472656,
      "sMAPE": 24.300235748291016
    },
    "6": {
      "MAE": 149.2067108154297,
      "RMSE": 475.222412109375,
      "sMAPE": 25.853229522705078
    },
    "7": {
      "MAE": 158.27627563476562,
      "RMSE": 497.8661804199219,
      "sMAPE": 27.02800941467285
    },
    "8": {
      "MAE": 164.76919555664062,
      "RMSE": 505.1592102050781,
      "sMAPE": 28.090967178344727
    },
    "9": {
      "MAE": 171.53367614746094,
      "RMSE": 523.373779296875,
      "sMAPE": 29.037128448486328
    },
    "10": {
      "MAE": 177.48081970214844,
      "RMSE": 542.5433349609375,
      "sMAPE": 29.876317977905273
    },
    "11": {
      "MAE": 181.84877014160156,
      "RMSE": 550.459716796875,
      "sMAPE": 30.594200134277344
    },
    "12": {
      "MAE": 186.2315673828125,
      "RMSE": 557.7308349609375,
      "sMAPE": 31.29599380493164
    },
    "13": {
      "MAE": 189.9668731689453,
      "RMSE": 565.1354370117188,
      "sMAPE": 31.923078536987305
    },
    "14": {
      "MAE": 193.97030639648438,
      "RMSE": 574.4498901367188,
      "sMAPE": 32.44923400878906
    },
    "15": {
      "MAE": 198.30873107910156,
      "RMSE": 590.1355590820312,
      "sMAPE": 33.03322219848633
    },
    "16": {
      "MAE": 203.63771057128906,
      "RMSE": 605.3072509765625,
      "sMAPE": 33.52001190185547
    },
    "17": {
      "MAE": 206.97239685058594,
      "RMSE": 611.8951416015625,
      "sMAPE": 33.9852409362793
    },
    "18": {
      "MAE": 207.07440185546875,
      "RMSE": 603.6007080078125,
      "sMAPE": 34.32828140258789
    },
    "19": {
      "MAE": 212.59974670410156,
      "RMSE": 619.5515747070312,
      "sMAPE": 34.66454315185547
    },
    "20": {
      "MAE": 215.51055908203125,
      "RMSE": 632.8740844726562,
      "sMAPE": 34.904701232910156
    },
    "21": {
      "MAE": 216.48631286621094,
      "RMSE": 629.587158203125,
      "sMAPE": 35.13295364379883
    },
    "22": {
      "MAE": 218.7603302001953,
      "RMSE": 628.43505859375,
      "sMAPE": 35.57037353515625
    },
    "23": {
      "MAE": 221.28097534179688,
      "RMSE": 635.54931640625,
      "sMAPE": 35.742698669433594
    },
    "24": {
      "MAE": 224.65208435058594,
      "RMSE": 646.4037475585938,
      "sMAPE": 35.98527145385742
    }
  },
  "per_pollutant": {
    "PM2.5": {
      "MAE": 54.779029846191406,
      "RMSE": 84.16596221923828,
      "sMAPE": 32.405845642089844
    },
    "PM10": {
      "MAE": 63.456661224365234,
      "RMSE": 96.66018676757812,
      "sMAPE": 29.3869686126709
    },
    "SO2": {
      "MAE": 9.256013870239258,
      "RMSE": 14.269394874572754,
      "sMAPE": 28.616662979125977
    },
    "NO2": {
      "MAE": 23.326900482177734,
      "RMSE": 31.26532745361328,
      "sMAPE": 22.290733337402344
    },
    "CO": {
      "MAE": 901.5645751953125,
      "RMSE": 1332.9215087890625,
      "sMAPE": 27.205472946166992
    },
    "O3": {
      "MAE": 15.91517448425293,
      "RMSE": 21.751462936401367,
      "sMAPE": 37.61171340942383
    }
  }
}