{
  "model": "lightgbm",
  "split": "test",
  "overall": {
    "MAE": 180.99374389648438,
    "RMSE": 550.906005859375,
    "sMAPE": 30.177268981933594
  },
  "per_horizon": {
    "1": {
      "MAE": 87.20548248291016,
      "RMSE": 312.4759216308594,
      "sMAPE": 15.895040512084961
    },
    "2": {
      "MAE": 107.16773223876953,
      "RMSE": 365.4945068359375,
      "sMAPE": 19.11980438232422
    },
    "3": {
      "MAE": 123.68247985839844,
      "RMSE": 411.5751037597656,
      "sMAPE": 21.51370620727539
    },
    "4": {
      "MAE": 135.1168975830078,
      "RMSE": 438.4787292480469,
      "sMAPE": 23.586036682128906
    },
    "5": {
      "MAE": 145.6988067626953,
      "RMSE": 461.62835693359375,
      "sMAPE": 25.228256225585938
    },
    "6": {
      "MAE": 155.13111877441406,
      "RMSE": 488.1759338378906,
      "sMAPE": 26.59261131286621
    },
    "7": {
      "MAE": 163.03134155273438,
      "RMSE": 507.00054931640625,
      "sMAPE": 27.631324768066406
    },
    "8": {
      "MAE": 168.41412353515625,
      "RMSE": 511.54876708984375,
      "sMAPE": 28.594247817993164
    },
    "9": {
      "MAE": 175.01673889160156,
      "RMSE": 529.5347900390625,
      "sMAPE": 29.519840240478516
    },
    "10": {
      "MAE": 180.61749267578125,
      "RMSE": 547.0720825195312,
      "sMAPE": 30.325910568237305
    },
    "11": {
      "MAE": 184.77154541015625,
      "RMSE": 554.8604736328125,
      "sMAPE": 30.983488082885742
    },
    "12": {
      "MAE": 188.6033935546875,
      "RMSE": 561.2766723632812,
      "sMAPE": 31.6445369720459
    },
    "13": {
      "MAE": 192.14349365234375,
      "RMSE": 567.5720825195312,
      "sMAPE": 32.22768020629883
    },
    "14": {
      "MAE": 196.5091094970703,
      "RMSE": 577.8489990234375,
      "sMAPE": 32.76784896850586
    },
    "15": {
      "MAE": 200.34849548339844,
      "RMSE": 592.16357421875,
      "sMAPE": 33.333492279052734
    },
    "16": {
      "MAE": 205.72230529785156,
      "RMSE": 607.2249145507812,
      "sMAPE": 33.790191650390625
    },
    "17": {
      "MAE": 209.08201599121094,
      "RMSE": 613.5462036132812,
      "sMAPE": 34.19261169433594
    },
    "18": {
      "MAE": 209.07684326171875,
      "RMSE": 605.5563354492188,
      "sMAPE": 34.513492584228516
    },
    "19": {
      "MAE": 214.2430419921875,
      "RMSE": 620.6835327148438,
      "sMAPE": 34.83743667602539
    },
    "20": {
      "MAE": 216.7884521484375,
      "RMSE": 632.9945068359375,
      "sMAPE": 35.05126190185547
    },
    "21": {
      "MAE": 217.57652282714844,
      "RMSE": 630.005859375,
      "sMAPE": 35.258262634277344
    },
    "22": {
      "MAE": 219.73841857910156,
      "RMSE": 628.0263671875,
      "sMAPE": 35.70768737792969
    },
    "23": {
      "MAE": 222.40394592285156,
      "RMSE": 635.4913940429688,
      "sMAPE": 35.86351013183594
    },
    "24": {
      "MAE": 225.82968139648438,
      "RMSE": 647.148193359375,
      "sMAPE": 36.08586120605469
    }
  },
  "per_pollutant": {
    "PM2.5": {
      "MAE": 56.50510025024414,
      "RMSE": 85.70647430419922,
      "sMAPE": 33.27126693725586,
      "MAE_h1": 20.93939971923828,
      "MAE_h6": 46.400604248046875,
      "MAE_h12": 60.06560516357422,
      "MAE_h24": 73.16320037841797
    },
    "PM10": {
      "MAE": 65.30241394042969,
      "RMSE": 98.28492736816406,
      "sMAPE": 30.114194869995117,
      "MAE_h1": 28.223997116088867,
      "MAE_h6": 55.26945495605469,
      "MAE_h12": 68.27631378173828,
      "MAE_h24": 82.59101104736328
    },
    "SO2": {
      "MAE": 9.410843849182129,
      "RMSE": 14.45883846282959,
      "sMAPE": 29.007659912109375,
      "MAE_h1": 4.85317850112915,
      "MAE_h6": 8.474113464355469,
      "MAE_h12": 9.738021850585938,
      "MAE_h24": 11.271180152893066
    },
    "NO2": {
      "MAE": 23.948877334594727,
      "RMSE": 31.912796020507812,
      "sMAPE": 22.80476951599121,
      "MAE_h1": 11.063151359558105,
      "MAE_h6": 20.45433235168457,
      "MAE_h12": 25.619070053100586,
      "MAE_h24": 30.082958221435547
    },
    "CO": {
      "MAE": 922.0824584960938,
      "RMSE": 1348.2147216796875,
      "sMAPE": 27.860502243041992,
      "MAE_h1": 453.5801696777344,
      "MAE_h6": 792.3214111328125,
      "MAE_h12": 958.3469848632812,
      "MAE_h24": 1148.3197021484375
    },
    "O3": {
      "MAE": 16.171417236328125,
      "RMSE": 21.99236488342285,
      "sMAPE": 37.98344802856445,
      "MAE_h1": 8.252032279968262,
      "MAE_h6": 14.280746459960938,
      "MAE_h12": 17.32204818725586,
      "MAE_h24": 18.848371505737305
    }
  }
}