{
  "model": "lstm",
  "split": "test",
  "overall": {
    "MAE": 227.9418182373047,
    "RMSE": 767.0728759765625,
    "sMAPE": 36.5135383605957
  },
  "per_horizon": {
    "1": {
      "MAE": 209.1236114501953,
      "RMSE": 773.2507934570312,
      "sMAPE": 30.696542739868164
    },
    "2": {
      "MAE": 209.61685180664062,
      "RMSE": 770.6064453125,
      "sMAPE": 30.928028106689453
    },
    "3": {
      "MAE": 210.92156982421875,
      "RMSE": 769.3870239257812,
      "sMAPE": 31.221654891967773
    },
    "4": {
      "MAE": 212.6925048828125,
      "RMSE": 768.582275390625,
      "sMAPE": 31.662757873535156
    },
    "5": {
      "MAE": 214.65565490722656,
      "RMSE": 768.0018310546875,
      "sMAPE": 32.235252380371094
    },
    "6": {
      "MAE": 216.62521362304688,
      "RMSE": 767.0619506835938,
      "sMAPE": 32.84906005859375
    },
    "7": {
      "MAE": 218.6047821044922,
      "RMSE": 765.91650390625,
      "sMAPE": 33.47758102416992
    },
    "8": {
      "MAE": 220.69410705566406,
      "RMSE": 765.3241577148438,
      "sMAPE": 34.10749816894531
    },
    "9": {
      "MAE": 222.76806640625,
      "RMSE": 765.2378540039062,
      "sMAPE": 34.82221221923828
    },
    "10": {
      "MAE": 224.8231964111328,
      "RMSE": 765.2704467773438,
      "sMAPE": 35.50730514526367
    },
    "11": {
      "MAE": 226.865234375,
      "RMSE": 765.6932983398438,
      "sMAPE": 36.20985794067383
    },
    "12": {
      "MAE": 228.8955535888672,
      "RMSE": 766.1217651367188,
      "sMAPE": 36.86968231201172
    },
    "13": {
      "MAE": 230.67718505859375,
      "RMSE": 766.5115356445312,
      "sMAPE": 37.51557922363281
    },
    "14": {
      "MAE": 232.24722290039062,
      "RMSE": 766.9143676757812,
      "sMAPE": 38.16301345825195
    },
    "15": {
      "MAE": 233.57908630371094,
      "RMSE": 766.75927734375,
      "sMAPE": 38.67845153808594
    },
    "16": {
      "MAE": 234.78965759277344,
      "RMSE": 766.4469604492188,
      "sMAPE": 39.23271942138672
    },
    "17": {
      "MAE": 236.0310516357422,
      "RMSE": 766.0819702148438,
      "sMAPE": 39.74989700317383
    },
    "18": {
      "MAE": 237.17819213867188,
      "RMSE": 765.6045532226562,
      "sMAPE": 40.09482955932617
    },
    "19": {
      "MAE": 238.37095642089844,
      "RMSE": 765.479736328125,
      "sMAPE": 40.2757568359375
    },
    "20": {
      "MAE": 239.50697326660156,
      "RMSE": 765.1255493164062,
      "sMAPE": 40.336570739746094
    },
    "21": {
      "MAE": 240.85462951660156,
      "RMSE": 765.7667846679688,
      "sMAPE": 40.44460678100586
    },
    "22": {
      "MAE": 242.22021484375,
      "RMSE": 766.7067260742188,
      "sMAPE": 40.42727279663086
    },
    "23": {
      "MAE": 243.6966094970703,
      "RMSE": 768.192138671875,
      "sMAPE": 40.424190521240234
    },
    "24": {
      "MAE": 245.1826629638672,
      "RMSE": 769.6382446289062,
      "sMAPE": 40.4004020690918
    }
  },
  "per_pollutant": {
    "PM2.5": {
      "MAE": 68.50731658935547,
      "RMSE": 109.04369354248047,
      "sMAPE": 40.43286895751953
    },
    "PM10": {
      "MAE": 78.18061065673828,
      "RMSE": 122.36268615722656,
      "sMAPE": 35.84946060180664
    },
    "SO2": {
      "MAE": 10.745064735412598,
      "RMSE": 16.290193557739258,
      "sMAPE": 33.55930709838867
    },
    "NO2": {
      "MAE": 29.807220458984375,
      "RMSE": 41.35733413696289,
      "sMAPE": 28.108896255493164
    },
    "CO": {
      "MAE": 1169.577880859375,
      "RMSE": 1879.030029296875,
      "sMAPE": 35.07820129394531
    },
    "O3": {
      "MAE": 20.314420700073242,
      "RMSE": 27.478897094726562,
      "sMAPE": 46.04350662231445
    }
  }
}