{
  "model": "naive_persistence",
  "split": "test",
  "overall": {
    "MAE": 195.7572021484375,
    "RMSE": 619.8117065429688,
    "sMAPE": 32.094051361083984
  },
  "per_horizon": {
    "1": {
      "MAE": 60.81883239746094,
      "RMSE": 260.3743591308594,
      "sMAPE": 11.045207977294922
    },
    "2": {
      "MAE": 90.76044464111328,
      "RMSE": 336.88763427734375,
      "sMAPE": 16.213211059570312
    },
    "3": {
      "MAE": 114.03070831298828,
      "RMSE": 399.1060791015625,
      "sMAPE": 20.032499313354492
    },
    "4": {
      "MAE": 132.9921875,
      "RMSE": 447.008544921875,
      "sMAPE": 23.098173141479492
    },
    "5": {
      "MAE": 149.42771911621094,
      "RMSE": 490.39923095703125,
      "sMAPE": 25.597558975219727
    },
    "6": {
      "MAE": 162.7754364013672,
      "RMSE": 524.5985717773438,
      "sMAPE": 27.60125160217285
    },
    "7": {
      "MAE": 174.5301055908203,
      "RMSE": 555.4642333984375,
      "sMAPE": 29.28618621826172
    },
    "8": {
      "MAE": 184.29039001464844,
      "RMSE": 580.3861694335938,
      "sMAPE": 30.665390014648438
    },
    "9": {
      "MAE": 191.8100128173828,
      "RMSE": 600.222412109375,
      "sMAPE": 31.80714225769043
    },
    "10": {
      "MAE": 198.2908172607422,
      "RMSE": 616.4822998046875,
      "sMAPE": 32.784427642822266
    },
    "11": {
      "MAE": 203.89817810058594,
      "RMSE": 630.1019897460938,
      "sMAPE": 33.63651657104492
    },
    "12": {
      "MAE": 208.99119567871094,
      "RMSE": 642.573974609375,
      "sMAPE": 34.42310333251953
    },
    "13": {
      "MAE": 213.9540557861328,
      "RMSE": 654.436279296875,
      "sMAPE": 35.207984924316406
    },
    "14": {
      "MAE": 218.46102905273438,
      "RMSE": 665.0267333984375,
      "sMAPE": 35.921749114990234
    },
    "15": {
      "MAE": 223.0321044921875,
      "RMSE": 676.3594360351562,
      "sMAPE": 36.604244232177734
    },
    "16": {
      "MAE": 226.9427490234375,
      "RMSE": 686.2598266601562,
      "sMAPE": 37.18401336669922
    },
    "17": {
      "MAE": 231.00579833984375,
      "RMSE": 696.2116088867188,
      "sMAPE": 37.68965148925781
    },
    "18": {
      "MAE": 234.7575225830078,
      "RMSE": 704.7228393554688,
      "sMAPE": 38.09706115722656
    },
    "19": {
      "MAE": 238.0579833984375,
      "RMSE": 711.2001953125,
      "sMAPE": 38.41748809814453
    },
    "20": {
      "MAE": 241.41197204589844,
      "RMSE": 718.3179931640625,
      "sMAPE": 38.65145492553711
    },
    "21": {
      "MAE": 244.62342834472656,
      "RMSE": 725.323974609375,
      "sMAPE": 38.790138244628906
    },
    "22": {
      "MAE": 247.50799560546875,
      "RMSE": 731.9264526367188,
      "sMAPE": 38.896968841552734
    },
    "23": {
      "MAE": 250.66453552246094,
      "RMSE": 738.3743896484375,
      "sMAPE": 39.1110725402832
    },
    "24": {
      "MAE": 255.22714233398438,
      "RMSE": 747.9378051757812,
      "sMAPE": 39.508480072021484
    }
  },
  "per_pollutant": {
    "PM2.5": {
      "MAE": 60.25022888183594,
      "RMSE": 98.08267974853516,
      "sMAPE": 34.95856857299805,
      "MAE_h1": 13.464228630065918,
      "MAE_h6": 45.497318267822266,
      "MAE_h12": 64.3643569946289,
      "MAE_h24": 85.115966796875
    },
    "PM10": {
      "MAE": 71.6506118774414,
      "RMSE": 113.46870422363281,
      "sMAPE": 32.87715148925781,
      "MAE_h1": 18.563501358032227,
      "MAE_h6": 56.21885299682617,
      "MAE_h12": 76.9709243774414,
      "MAE_h24": 97.32573699951172
    },
    "SO2": {
      "MAE": 10.527833938598633,
      "RMSE": 17.4637451171875,
      "sMAPE": 31.094791412353516,
      "MAE_h1": 3.3398773670196533,
      "MAE_h6": 9.197638511657715,
      "MAE_h12": 11.156153678894043,
      "MAE_h24": 12.957369804382324
    },
    "NO2": {
      "MAE": 27.884767532348633,
      "RMSE": 38.474605560302734,
      "sMAPE": 26.436006546020508,
      "MAE_h1": 7.827281951904297,
      "MAE_h6": 23.6278018951416,
      "MAE_h12": 30.66940689086914,
      "MAE_h24": 34.20254898071289
    },
    "CO": {
      "MAE": 993.039306640625,
      "RMSE": 1516.3612060546875,
      "sMAPE": 30.133100509643555,
      "MAE_h1": 318.0874328613281,
      "MAE_h6": 831.4326171875,
      "MAE_h12": 1058.1641845703125,
      "MAE_h24": 1290.7725830078125
    },
    "O3": {
      "MAE": 19.211389541625977,
      "RMSE": 29.163217544555664,
      "sMAPE": 37.04279327392578,
      "MAE_h1": 6.216744422912598,
      "MAE_h6": 17.412208557128906,
      "MAE_h12": 21.167875289916992,
      "MAE_h24": 21.412342071533203
    }
  }
}