{
  "model": "seasonal_naive_24h",
  "split": "test",
  "overall": {
    "MAE": 254.92845153808594,
    "RMSE": 747.6019897460938,
    "sMAPE": 39.485450744628906
  },
  "per_horizon": {
    "1": {
      "MAE": 254.49444580078125,
      "RMSE": 746.9725952148438,
      "sMAPE": 39.441986083984375
    },
    "2": {
      "MAE": 254.48797607421875,
      "RMSE": 746.9860229492188,
      "sMAPE": 39.435848236083984
    },
    "3": {
      "MAE": 254.50645446777344,
      "RMSE": 747.0267944335938,
      "sMAPE": 39.43449401855469
    },
    "4": {
      "MAE": 254.5266876220703,
      "RMSE": 747.0638427734375,
      "sMAPE": 39.43255615234375
    },
    "5": {
      "MAE": 254.5563507080078,
      "RMSE": 747.1315307617188,
      "sMAPE": 39.432674407958984
    },
    "6": {
      "MAE": 254.5834503173828,
      "RMSE": 747.187744140625,
      "sMAPE": 39.4347038269043
    },
    "7": {
      "MAE": 254.63267517089844,
      "RMSE": 747.2844848632812,
      "sMAPE": 39.437625885009766
    },
    "8": {
      "MAE": 254.68170166015625,
      "RMSE": 747.3720092773438,
      "sMAPE": 39.442169189453125
    },
    "9": {
      "MAE": 254.7293701171875,
      "RMSE": 747.4486083984375,
      "sMAPE": 39.449039459228516
    },
    "10": {
      "MAE": 254.78781127929688,
      "RMSE": 747.512939453125,
      "sMAPE": 39.46095275878906
    },
    "11": {
      "MAE": 254.8491668701172,
      "RMSE": 747.5780639648438,
      "sMAPE": 39.474510192871094
    },
    "12": {
      "MAE": 254.9227294921875,
      "RMSE": 747.654296875,
      "sMAPE": 39.48844528198242
    },
    "13": {
      "MAE": 254.99986267089844,
      "RMSE": 747.733642578125,
      "sMAPE": 39.501197814941406
    },
    "14": {
      "MAE": 255.06552124023438,
      "RMSE": 747.7936401367188,
      "sMAPE": 39.51437759399414
    },
    "15": {
      "MAE": 255.1419219970703,
      "RMSE": 747.8690795898438,
      "sMAPE": 39.52536392211914
    },
    "16": {
      "MAE": 255.2138214111328,
      "RMSE": 747.9358520507812,
      "sMAPE": 39.532684326171875
    },
    "17": {
      "MAE": 255.2509002685547,
      "RMSE": 747.971923828125,
      "sMAPE": 39.53643035888672
    },
    "18": {
      "MAE": 255.26303100585938,
      "RMSE": 747.9838256835938,
      "sMAPE": 39.53617477416992
    },
    "19": {
      "MAE": 255.2662811279297,
      "RMSE": 747.9927978515625,
      "sMAPE": 39.53355407714844
    },
    "20": {
      "MAE": 255.27552795410156,
      "RMSE": 748.0044555664062,
      "sMAPE": 39.530677795410156
    },
    "21": {
      "MAE": 255.28062438964844,
      "RMSE": 748.0098266601562,
      "sMAPE": 39.52602767944336
    },
    "22": {
      "MAE": 255.28192138671875,
      "RMSE": 748.0093383789062,
      "sMAPE": 39.5233039855957
    },
    "23": {
      "MAE": 255.26048278808594,
      "RMSE": 747.9854736328125,
      "sMAPE": 39.51679229736328
    },
    "24": {
      "MAE": 255.22714233398438,
      "RMSE": 747.9378051757812,
      "sMAPE": 39.508480072021484
    }
  },
  "per_pollutant": {
    "PM2.5": {
      "MAE": 85.06964874267578,
      "RMSE": 123.1712417602539,
      "sMAPE": 47.359718322753906,
      "MAE_h1": 85.05709838867188,
      "MAE_h6": 84.9992446899414,
      "MAE_h12": 85.03043365478516,
      "MAE_h24": 85.115966796875
    },
    "PM10": {
      "MAE": 97.28550720214844,
      "RMSE": 140.9260711669922,
      "sMAPE": 42.51033020019531,
      "MAE_h1": 97.22593688964844,
      "MAE_h6": 97.17964935302734,
      "MAE_h12": 97.26604461669922,
      "MAE_h24": 97.32573699951172
    },
    "SO2": {
      "MAE": 12.924055099487305,
      "RMSE": 20.714529037475586,
      "sMAPE": 37.29533004760742,
      "MAE_h1": 12.886686325073242,
      "MAE_h6": 12.893742561340332,
      "MAE_h12": 12.922361373901367,
      "MAE_h24": 12.957369804382324
    },
    "NO2": {
      "MAE": 34.1183967590332,
      "RMSE": 44.53193664550781,
      "sMAPE": 32.327301025390625,
      "MAE_h1": 34.037654876708984,
      "MAE_h6": 34.04378128051758,
      "MAE_h12": 34.09864807128906,
      "MAE_h24": 34.20254898071289
    },
    "CO": {
      "MAE": 1289.22265625,
      "RMSE": 1828.4869384765625,
      "sMAPE": 38.4602165222168,
      "MAE_h1": 1286.8475341796875,
      "MAE_h6": 1287.4814453125,
      "MAE_h12": 1289.26318359375,
      "MAE_h24": 1290.7725830078125
    },
    "O3": {
      "MAE": 21.339950561523438,
      "RMSE": 31.158193588256836,
      "sMAPE": 38.93303298950195,
      "MAE_h1": 21.237205505371094,
      "MAE_h6": 21.271896362304688,
      "MAE_h12": 21.34698486328125,
      "MAE_h24": 21.412342071533203
    }
  }
}