{
  "model": "stgcn",
  "split": "test",
  "overall": {
    "MAE": 333.5146179199219,
    "RMSE": 1030.6019287109375,
    "sMAPE": 46.91586685180664
  },
  "per_horizon": {
    "1": {
      "MAE": 333.6461486816406,
      "RMSE": 1030.8984375,
      "sMAPE": 46.893245697021484
    },
    "2": {
      "MAE": 333.6302795410156,
      "RMSE": 1030.8739013671875,
      "sMAPE": 46.85466384887695
    },
    "3": {
      "MAE": 333.6829833984375,
      "RMSE": 1030.974853515625,
      "sMAPE": 46.876976013183594
    },
    "4": {
      "MAE": 333.5860595703125,
      "RMSE": 1030.8250732421875,
      "sMAPE": 46.83858108520508
    },
    "5": {
      "MAE": 333.5535583496094,
      "RMSE": 1030.712890625,
      "sMAPE": 46.8525276184082
    },
    "6": {
      "MAE": 333.8674011230469,
      "RMSE": 1031.340576171875,
      "sMAPE": 46.883270263671875
    },
    "7": {
      "MAE": 333.6725158691406,
      "RMSE": 1030.8944091796875,
      "sMAPE": 46.866607666015625
    },
    "8": {
      "MAE": 333.34283447265625,
      "RMSE": 1030.3760986328125,
      "sMAPE": 46.771392822265625
    },
    "9": {
      "MAE": 333.4296569824219,
      "RMSE": 1030.425048828125,
      "sMAPE": 46.82947540283203
    },
    "10": {
      "MAE": 333.4701843261719,
      "RMSE": 1030.4884033203125,
      "sMAPE": 46.85069274902344
    },
    "11": {
      "MAE": 333.5352478027344,
      "RMSE": 1030.727783203125,
      "sMAPE": 46.84496307373047
    },
    "12": {
      "MAE": 333.3939208984375,
      "RMSE": 1030.531005859375,
      "sMAPE": 46.814796447753906
    },
    "13": {
      "MAE": 333.4350280761719,
      "RMSE": 1030.4945068359375,
      "sMAPE": 46.874393463134766
    },
    "14": {
      "MAE": 333.4730529785156,
      "RMSE": 1030.5277099609375,
      "sMAPE": 46.88718032836914
    },
    "15": {
      "MAE": 333.624755859375,
      "RMSE": 1030.8021240234375,
      "sMAPE": 46.95863342285156
    },
    "16": {
      "MAE": 333.45849609375,
      "RMSE": 1030.5223388671875,
      "sMAPE": 46.94039535522461
    },
    "17": {
      "MAE": 333.47808837890625,
      "RMSE": 1030.4249267578125,
      "sMAPE": 46.9864387512207
    },
    "18": {
      "MAE": 333.5697021484375,
      "RMSE": 1030.6864013671875,
      "sMAPE": 46.98672103881836
    },
    "19": {
      "MAE": 333.44677734375,
      "RMSE": 1030.4779052734375,
      "sMAPE": 46.96724319458008
    },
    "20": {
      "MAE": 333.3712158203125,
      "RMSE": 1030.2440185546875,
      "sMAPE": 47.006080627441406
    },
    "21": {
      "MAE": 333.45941162109375,
      "RMSE": 1030.3544921875,
      "sMAPE": 47.05406951904297
    },
    "22": {
      "MAE": 333.3242492675781,
      "RMSE": 1030.1405029296875,
      "sMAPE": 47.014286041259766
    },
    "23": {
      "MAE": 333.52227783203125,
      "RMSE": 1030.501708984375,
      "sMAPE": 47.0692024230957
    },
    "24": {
      "MAE": 333.3773498535156,
      "RMSE": 1030.199462890625,
      "sMAPE": 47.05891036987305
    }
  },
  "per_pollutant": {
    "PM2.5": {
      "MAE": 79.56773376464844,
      "RMSE": 116.71932983398438,
      "sMAPE": 46.63163375854492,
      "MAE_h1": 79.64611053466797,
      "MAE_h6": 79.41453552246094,
      "MAE_h12": 79.30652618408203,
      "MAE_h24": 79.86032104492188
    },
    "PM10": {
      "MAE": 89.63407135009766,
      "RMSE": 133.88079833984375,
      "sMAPE": 41.65555191040039,
      "MAE_h1": 89.85855865478516,
      "MAE_h6": 89.46761322021484,
      "MAE_h12": 89.17191314697266,
      "MAE_h24": 90.20854949951172
    },
    "SO2": {
      "MAE": 11.459420204162598,
      "RMSE": 16.006591796875,
      "sMAPE": 35.408668518066406,
      "MAE_h1": 11.282702445983887,
      "MAE_h6": 11.351571083068848,
      "MAE_h12": 11.443142890930176,
      "MAE_h24": 11.6312837600708
    },
    "NO2": {
      "MAE": 32.48320007324219,
      "RMSE": 40.12705612182617,
      "sMAPE": 29.253522872924805,
      "MAE_h1": 32.32764434814453,
      "MAE_h6": 32.40105056762695,
      "MAE_h12": 32.37904357910156,
      "MAE_h24": 32.75360107421875
    },
    "CO": {
      "MAE": 1781.2265625,
      "RMSE": 2528.42041015625,
      "sMAPE": 81.55310821533203,
      "MAE_h1": 1782.146240234375,
      "MAE_h6": 1783.8734130859375,
      "MAE_h12": 1781.2960205078125,
      "MAE_h24": 1779.03759765625
    },
    "O3": {
      "MAE": 21.3333683013916,
      "RMSE": 28.105369567871094,
      "sMAPE": 47.340450286865234,
      "MAE_h1": 21.17877197265625,
      "MAE_h6": 21.32733726501465,
      "MAE_h12": 21.387264251708984,
      "MAE_h24": 21.40248680114746
    }
  }
}