{
  "model": "stgcn",
  "split": "test",
  "overall": {
    "MAE": 330.5495300292969,
    "RMSE": 1025.1959228515625,
    "sMAPE": 46.04994583129883
  },
  "per_horizon": {
    "1": {
      "MAE": 330.6146545410156,
      "RMSE": 1025.410888671875,
      "sMAPE": 45.9393196105957
    },
    "2": {
      "MAE": 330.67022705078125,
      "RMSE": 1025.55908203125,
      "sMAPE": 45.953609466552734
    },
    "3": {
      "MAE": 330.725341796875,
      "RMSE": 1025.6708984375,
      "sMAPE": 45.935447692871094
    },
    "4": {
      "MAE": 330.53765869140625,
      "RMSE": 1025.3021240234375,
      "sMAPE": 45.911598205566406
    },
    "5": {
      "MAE": 330.49847412109375,
      "RMSE": 1025.202392578125,
      "sMAPE": 45.90894317626953
    },
    "6": {
      "MAE": 330.82330322265625,
      "RMSE": 1025.8836669921875,
      "sMAPE": 45.966949462890625
    },
    "7": {
      "MAE": 330.73260498046875,
      "RMSE": 1025.60546875,
      "sMAPE": 45.99969482421875
    },
    "8": {
      "MAE": 330.431640625,
      "RMSE": 1025.05224609375,
      "sMAPE": 45.89064025878906
    },
    "9": {
      "MAE": 330.5450134277344,
      "RMSE": 1025.1861572265625,
      "sMAPE": 45.969825744628906
    },
    "10": {
      "MAE": 330.46343994140625,
      "RMSE": 1025.036376953125,
      "sMAPE": 45.951324462890625
    },
    "11": {
      "MAE": 330.5250244140625,
      "RMSE": 1025.2449951171875,
      "sMAPE": 45.96628952026367
    },
    "12": {
      "MAE": 330.48138427734375,
      "RMSE": 1025.1729736328125,
      "sMAPE": 45.98189163208008
    },
    "13": {
      "MAE": 330.4620056152344,
      "RMSE": 1025.095947265625,
      "sMAPE": 46.00856018066406
    },
    "14": {
      "MAE": 330.6078186035156,
      "RMSE": 1025.3857421875,
      "sMAPE": 46.0611572265625
    },
    "15": {
      "MAE": 330.6112365722656,
      "RMSE": 1025.3223876953125,
      "sMAPE": 46.08745574951172
    },
    "16": {
      "MAE": 330.4042663574219,
      "RMSE": 1024.91796875,
      "sMAPE": 46.073585510253906
    },
    "17": {
      "MAE": 330.5951843261719,
      "RMSE": 1025.2230224609375,
      "sMAPE": 46.14081573486328
    },
    "18": {
      "MAE": 330.5578308105469,
      "RMSE": 1025.1346435546875,
      "sMAPE": 46.140560150146484
    },
    "19": {
      "MAE": 330.5042724609375,
      "RMSE": 1025.0120849609375,
      "sMAPE": 46.145050048828125
    },
    "20": {
      "MAE": 330.4156494140625,
      "RMSE": 1024.7821044921875,
      "sMAPE": 46.1601676940918
    },
    "21": {
      "MAE": 330.59295654296875,
      "RMSE": 1025.1060791015625,
      "sMAPE": 46.21469497680664
    },
    "22": {
      "MAE": 330.3944091796875,
      "RMSE": 1024.70263671875,
      "sMAPE": 46.212066650390625
    },
    "23": {
      "MAE": 330.5403137207031,
      "RMSE": 1024.9464111328125,
      "sMAPE": 46.27997589111328
    },
    "24": {
      "MAE": 330.45855712890625,
      "RMSE": 1024.7425537109375,
      "sMAPE": 46.298885345458984
    }
  },
  "per_pollutant": {
    "PM2.5": {
      "MAE": 76.17937469482422,
      "RMSE": 112.53836822509766,
      "sMAPE": 44.83696746826172
    },
    "PM10": {
      "MAE": 85.35343933105469,
      "RMSE": 127.42524719238281,
      "sMAPE": 39.510215759277344
    },
    "SO2": {
      "MAE": 11.050347328186035,
      "RMSE": 16.297197341918945,
      "sMAPE": 34.88563919067383
    },
    "NO2": {
      "MAE": 31.64061164855957,
      "RMSE": 39.820255279541016,
      "sMAPE": 29.167875289916992
    },
    "CO": {
      "MAE": 1771.7889404296875,
      "RMSE": 2515.6171875,
      "sMAPE": 81.07625579833984
    },
    "O3": {
      "MAE": 21.84599494934082,
      "RMSE": 28.4066104888916,
      "sMAPE": 47.179222106933594
    }
  }
}