{
  "model": "tcn",
  "split": "test",
  "overall": {
    "MAE": 197.51380920410156,
    "RMSE": 641.4163818359375,
    "sMAPE": 31.733501434326172
  },
  "per_horizon": {
    "1": {
      "MAE": 158.9516143798828,
      "RMSE": 588.1174926757812,
      "sMAPE": 26.08208656311035
    },
    "2": {
      "MAE": 159.36148071289062,
      "RMSE": 586.0831298828125,
      "sMAPE": 26.11958122253418
    },
    "3": {
      "MAE": 161.3607177734375,
      "RMSE": 586.4990844726562,
      "sMAPE": 26.378171920776367
    },
    "4": {
      "MAE": 164.74752807617188,
      "RMSE": 589.4270629882812,
      "sMAPE": 26.978466033935547
    },
    "5": {
      "MAE": 168.90695190429688,
      "RMSE": 594.757080078125,
      "sMAPE": 27.7424259185791
    },
    "6": {
      "MAE": 173.2784423828125,
      "RMSE": 600.311767578125,
      "sMAPE": 28.285228729248047
    },
    "7": {
      "MAE": 177.5302734375,
      "RMSE": 605.9736328125,
      "sMAPE": 28.910715103149414
    },
    "8": {
      "MAE": 181.8333740234375,
      "RMSE": 612.2411499023438,
      "sMAPE": 29.08330535888672
    },
    "9": {
      "MAE": 185.96815490722656,
      "RMSE": 617.8123168945312,
      "sMAPE": 29.57394790649414
    },
    "10": {
      "MAE": 189.76002502441406,
      "RMSE": 623.4562377929688,
      "sMAPE": 30.292957305908203
    },
    "11": {
      "MAE": 193.36854553222656,
      "RMSE": 628.7048950195312,
      "sMAPE": 30.85226058959961
    },
    "12": {
      "MAE": 197.1839141845703,
      "RMSE": 635.2179565429688,
      "sMAPE": 31.52625846862793
    },
    "13": {
      "MAE": 201.0238037109375,
      "RMSE": 641.6190185546875,
      "sMAPE": 32.204750061035156
    },
    "14": {
      "MAE": 204.2117919921875,
      "RMSE": 647.0479736328125,
      "sMAPE": 32.74089431762695
    },
    "15": {
      "MAE": 207.79556274414062,
      "RMSE": 653.8182373046875,
      "sMAPE": 33.36191177368164
    },
    "16": {
      "MAE": 211.39849853515625,
      "RMSE": 661.1140747070312,
      "sMAPE": 33.85417175292969
    },
    "17": {
      "MAE": 214.69874572753906,
      "RMSE": 666.5681762695312,
      "sMAPE": 34.35206604003906
    },
    "18": {
      "MAE": 217.86074829101562,
      "RMSE": 672.3203735351562,
      "sMAPE": 34.84537887573242
    },
    "19": {
      "MAE": 221.1914825439453,
      "RMSE": 678.7096557617188,
      "sMAPE": 35.29615783691406
    },
    "20": {
      "MAE": 224.38319396972656,
      "RMSE": 684.72802734375,
      "sMAPE": 35.749542236328125
    },
    "21": {
      "MAE": 227.21990966796875,
      "RMSE": 689.5354614257812,
      "sMAPE": 36.22243881225586
    },
    "22": {
      "MAE": 230.12005615234375,
      "RMSE": 695.4009399414062,
      "sMAPE": 36.71352767944336
    },
    "23": {
      "MAE": 232.7421112060547,
      "RMSE": 700.44775390625,
      "sMAPE": 37.026737213134766
    },
    "24": {
      "MAE": 235.47415161132812,
      "RMSE": 705.3757934570312,
      "sMAPE": 37.417144775390625
    }
  },
  "per_pollutant": {
    "PM2.5": {
      "MAE": 52.7946891784668,
      "RMSE": 81.55220031738281,
      "sMAPE": 31.712461471557617,
      "MAE_h1": 33.920806884765625,
      "MAE_h6": 41.33369064331055,
      "MAE_h12": 53.28435516357422,
      "MAE_h24": 69.8787841796875
    },
    "PM10": {
      "MAE": 61.876766204833984,
      "RMSE": 94.47215270996094,
      "sMAPE": 29.085052490234375,
      "MAE_h1": 43.717281341552734,
      "MAE_h6": 50.55372619628906,
      "MAE_h12": 62.20288848876953,
      "MAE_h24": 78.69647979736328
    },
    "SO2": {
      "MAE": 9.305336952209473,
      "RMSE": 15.046411514282227,
      "sMAPE": 30.66663360595703,
      "MAE_h1": 7.957788944244385,
      "MAE_h6": 8.490750312805176,
      "MAE_h12": 9.303719520568848,
      "MAE_h24": 10.464116096496582
    },
    "NO2": {
      "MAE": 26.25372314453125,
      "RMSE": 34.453895568847656,
      "sMAPE": 25.16179656982422,
      "MAE_h1": 19.44342041015625,
      "MAE_h6": 22.85032081604004,
      "MAE_h12": 26.735824584960938,
      "MAE_h24": 31.204893112182617
    },
    "CO": {
      "MAE": 1024.914306640625,
      "RMSE": 1572.210693359375,
      "sMAPE": 30.88727378845215,
      "MAE_h1": 840.6716918945312,
      "MAE_h6": 907.6142578125,
      "MAE_h12": 1021.2612915039062,
      "MAE_h24": 1212.0513916015625
    },
    "O3": {
      "MAE": 18.285770416259766,
      "RMSE": 25.081314086914062,
      "sMAPE": 42.89286422729492,
      "MAE_h1": 14.860527992248535,
      "MAE_h6": 16.24067497253418,
      "MAE_h12": 18.63043785095215,
      "MAE_h24": 20.410249710083008
    }
  }
}