{
  "model": "tcn",
  "split": "test",
  "overall": {
    "MAE": 191.51998901367188,
    "RMSE": 615.9633178710938,
    "sMAPE": 31.398969650268555
  },
  "per_horizon": {
    "1": {
      "MAE": 155.2699737548828,
      "RMSE": 566.2881469726562,
      "sMAPE": 26.301273345947266
    },
    "2": {
      "MAE": 155.42588806152344,
      "RMSE": 562.715087890625,
      "sMAPE": 26.403608322143555
    },
    "3": {
      "MAE": 157.26678466796875,
      "RMSE": 562.6970825195312,
      "sMAPE": 26.650297164916992
    },
    "4": {
      "MAE": 160.08265686035156,
      "RMSE": 564.551025390625,
      "sMAPE": 27.059215545654297
    },
    "5": {
      "MAE": 163.68605041503906,
      "RMSE": 569.1774291992188,
      "sMAPE": 27.751863479614258
    },
    "6": {
      "MAE": 167.5037078857422,
      "RMSE": 574.0101318359375,
      "sMAPE": 28.226808547973633
    },
    "7": {
      "MAE": 171.35055541992188,
      "RMSE": 578.9669189453125,
      "sMAPE": 28.64488983154297
    },
    "8": {
      "MAE": 175.32273864746094,
      "RMSE": 584.87939453125,
      "sMAPE": 28.98268699645996
    },
    "9": {
      "MAE": 179.1347198486328,
      "RMSE": 590.0186767578125,
      "sMAPE": 29.34358024597168
    },
    "10": {
      "MAE": 182.6151885986328,
      "RMSE": 595.3355102539062,
      "sMAPE": 29.953691482543945
    },
    "11": {
      "MAE": 186.18865966796875,
      "RMSE": 600.911865234375,
      "sMAPE": 30.384841918945312
    },
    "12": {
      "MAE": 189.96511840820312,
      "RMSE": 607.5621337890625,
      "sMAPE": 30.945980072021484
    },
    "13": {
      "MAE": 193.80233764648438,
      "RMSE": 614.1012573242188,
      "sMAPE": 31.518184661865234
    },
    "14": {
      "MAE": 197.27268981933594,
      "RMSE": 620.0076904296875,
      "sMAPE": 32.131385803222656
    },
    "15": {
      "MAE": 200.83924865722656,
      "RMSE": 626.7373046875,
      "sMAPE": 32.67456817626953
    },
    "16": {
      "MAE": 204.46229553222656,
      "RMSE": 633.7191772460938,
      "sMAPE": 33.203125
    },
    "17": {
      "MAE": 208.1458282470703,
      "RMSE": 640.7477416992188,
      "sMAPE": 33.728946685791016
    },
    "18": {
      "MAE": 211.5401153564453,
      "RMSE": 647.2039794921875,
      "sMAPE": 34.28160858154297
    },
    "19": {
      "MAE": 214.978759765625,
      "RMSE": 654.13671875,
      "sMAPE": 34.75233840942383
    },
    "20": {
      "MAE": 218.37953186035156,
      "RMSE": 660.6220703125,
      "sMAPE": 35.193885803222656
    },
    "21": {
      "MAE": 221.43157958984375,
      "RMSE": 665.7890014648438,
      "sMAPE": 35.80909729003906
    },
    "22": {
      "MAE": 224.44459533691406,
      "RMSE": 671.7986450195312,
      "sMAPE": 36.17560958862305
    },
    "23": {
      "MAE": 227.3107452392578,
      "RMSE": 677.4943237304688,
      "sMAPE": 36.54045104980469
    },
    "24": {
      "MAE": 230.09884643554688,
      "RMSE": 682.9988403320312,
      "sMAPE": 36.92255401611328
    }
  },
  "per_pollutant": {
    "PM2.5": {
      "MAE": 52.36984634399414,
      "RMSE": 80.89444732666016,
      "sMAPE": 31.54503631591797
    },
    "PM10": {
      "MAE": 61.06671142578125,
      "RMSE": 93.4110107421875,
      "sMAPE": 28.67630958557129
    },
    "SO2": {
      "MAE": 9.2290620803833,
      "RMSE": 14.953829765319824,
      "sMAPE": 29.736385345458984
    },
    "NO2": {
      "MAE": 25.48540687561035,
      "RMSE": 33.44559860229492,
      "sMAPE": 24.562715530395508
    },
    "CO": {
      "MAE": 990.812744140625,
      "RMSE": 1509.48486328125,
      "sMAPE": 30.102764129638672
    },
    "O3": {
      "MAE": 18.21821403503418,
      "RMSE": 25.308773040771484,
      "sMAPE": 43.77299499511719
    }
  }
}